IDRetailer;Category;StockProdRegular;StockProdA
1;Cat-O;8;2
2;Cat-O;5;0
3;Cat-O;6;7
4;Cat-O;51;0
5;Cat-O;5;8
6;Cat-O;3;5
7;Cat-O;5;30
8;Cat-O;30;6
9;Cat-O;48;68
10;Cat-O;0;50
11;Cat-O;16;3
12;Cat-O;16;3
13;Cat-O;3;6
14;Cat-O;0;0
15;Cat-O;7;0
16;Cat-O;4;0
17;Cat-O;4;0
18;Cat-O;7;7
19;Cat-O;2;3
20;Cat-O;28;0
21;Cat-O;7;5
22;Cat-O;7;2
23;Cat-O;10;3
24;Cat-O;8;2
25;Cat-O;5;3
26;Cat-O;8;2
27;Cat-O;0;0
28;Cat-O;0;0
29;Cat-O;0;0
30;Cat-O;0;8
31;Cat-O;0;0
32;Cat-O;0;0
33;Cat-O;3;10
34;Cat-O;10;0
35;Cat-O;0;0
36;Cat-O;0;3
37;Cat-O;0;0
38;Cat-O;6;0
39;Cat-O;0;0
40;Cat-O;3;8
41;Cat-O;0;0
42;Cat-O;0;0
43;Cat-O;4;0
44;Cat-O;0;6
45;Cat-O;4;2
46;Cat-O;0;0
47;Cat-O;0;0
48;Cat-O;0;0
49;Cat-O;0;0
50;Cat-O;2;0
51;Cat-O;5;0
52;Cat-O;2;0
53;Cat-O;4;1
54;Cat-O;1;1
55;Cat-O;8;2
56;Cat-O;0;0
57;Cat-O;10;0
58;Cat-O;0;0
59;Cat-O;0;0
60;Cat-O;4;0
61;Cat-O;2;0
62;Cat-O;0;2
63;Cat-O;0;0
64;Cat-O;0;0
65;Cat-O;0;0
66;Cat-O;10;0
67;Cat-O;0;0
68;Cat-O;0;0
69;Cat-O;0;0
70;Cat-O;3;4
71;Cat-O;0;0
72;Cat-O;0;0
73;Cat-O;0;0
74;Cat-O;10;0
75;Cat-O;0;0
76;Cat-O;0;8
77;Cat-O;0;0
78;Cat-O;0;0
79;Cat-O;15;0
80;Cat-O;0;0
81;Cat-O;30;0
82;Cat-O;0;0
83;Cat-O;3;0
84;Cat-O;70;3
85;Cat-O;0;0
86;Cat-O;6;0
87;Cat-O;0;0
88;Cat-O;0;0
89;Cat-O;0;0
90;Cat-O;13;10
91;Cat-O;0;0
92;Cat-O;0;0
93;Cat-O;0;0
94;Cat-O;6;0
95;Cat-O;5;0
96;Cat-O;0;0
97;Cat-O;0;0
98;Cat-O;15;10
99;Cat-O;0;8
100;Cat-O;0;0
101;Cat-O;0;4
102;Cat-O;0;5
103;Cat-O;10;2
104;Cat-O;0;4
105;Cat-O;10;6
106;Cat-O;5;0
107;Cat-O;11;5
108;Cat-O;8;6
109;Cat-O;10;7
110;Cat-O;15;10
111;Cat-O;20;8
112;Cat-O;20;8
113;Cat-O;15;9
114;Cat-O;20;11
115;Cat-O;5;5
116;Cat-O;20;10
117;Cat-A;15;0
118;Cat-A;11;0
119;Cat-A;11;0
120;Cat-A;10;0
121;Cat-A;18;0
122;Cat-A;11;0
123;Cat-A;11;0
124;Cat-A;12;0
125;Cat-A;5;0
126;Cat-A;5;0
127;Cat-A;6;0
128;Cat-A;40;0
129;Cat-A;13;0
130;Cat-A;5;0
131;Cat-A;10;0
132;Cat-A;10;0
133;Cat-A;8;0
134;Cat-A;4;0
135;Cat-A;50;0
136;Cat-A;16;0
137;Cat-A;11;0
138;Cat-A;30;0
139;Cat-A;12;0
140;Cat-A;45;0
141;Cat-A;20;0
142;Cat-A;14;0
143;Cat-A;15;0
144;Cat-A;15;0
145;Cat-A;30;0
146;Cat-A;50;0
147;Cat-A;11;0
148;Cat-A;30;0
149;Cat-A;18;0
150;Cat-A;2;2
151;Cat-A;1;9
152;Cat-A;1;0
153;Cat-A;20;14
154;Cat-A;20;0
155;Cat-A;9;0
156;Cat-A;8;13
157;Cat-A;1;0
158;Cat-A;2;0
159;Cat-A;5;0
160;Cat-A;15;0
161;Cat-A;0;0
162;Cat-A;35;0
163;Cat-A;0;0
164;Cat-A;6;7
165;Cat-A;28;145
166;Cat-A;10;0
167;Cat-A;0;0
168;Cat-A;3;0
169;Cat-A;3;0
170;Cat-A;9;0
171;Cat-A;1;14
172;Cat-A;15;0
173;Cat-A;9;0
174;Cat-A;15;0
175;Cat-A;15;8
176;Cat-A;10;0
177;Cat-A;60;0
178;Cat-A;0;0
179;Cat-A;25;20
180;Cat-A;0;0
181;Cat-A;0;1
182;Cat-A;4;0
183;Cat-A;38;0
184;Cat-A;4;4
185;Cat-A;6;0
186;Cat-A;0;0
187;Cat-A;2;0
188;Cat-A;28;0
189;Cat-A;25;0
190;Cat-A;1;0
191;Cat-A;5;0
192;Cat-A;25;0
193;Cat-A;15;0
194;Cat-A;0;23
195;Cat-A;0;0
196;Cat-A;0;30
197;Cat-A;0;40
198;Cat-A;0;6
199;Cat-A;0;21
200;Cat-A;0;7
201;Cat-A;0;10
202;Cat-A;5;6
203;Cat-A;0;30
204;Cat-A;0;0
205;Cat-A;10;15
206;Cat-A;4;6
207;Cat-A;0;4
208;Cat-A;6;16
209;Cat-A;6;12
210;Cat-A;0;12
211;Cat-A;0;0
212;Cat-A;0;12
213;Cat-A;10;21
214;Cat-A;13;0
215;Cat-A;10;16
216;Cat-A;0;0
217;Cat-A;0;9
218;Cat-A;6;21
219;Cat-A;0;0
220;Cat-A;8;0
221;Cat-A;0;69
222;Cat-A;0;1
223;Cat-A;41;43
224;Cat-A;9;0
225;Cat-A;0;0
226;Cat-A;0;0
227;Cat-A;11;0
228;Cat-A;11;0
229;Cat-A;3;21
230;Cat-A;11;0
231;Cat-A;0;0
232;Cat-A;11;5
233;Cat-A;5;1
234;Cat-A;13;0
235;Cat-A;16;0
236;Cat-A;0;0
237;Cat-A;8;0
238;Cat-A;0;0
239;Cat-A;5;0
240;Cat-A;3;0
241;Cat-A;0;0
242;Cat-A;12;0
243;Cat-A;11;0
244;Cat-A;4;0
245;Cat-A;0;0
246;Cat-A;1;0
247;Cat-A;0;0
248;Cat-A;0;0
249;Cat-A;12;0
250;Cat-A;13;0
251;Cat-A;0;25
252;Cat-A;0;0
253;Cat-A;12;15
254;Cat-A;2;0
255;Cat-A;8;10
256;Cat-A;0;12
257;Cat-A;0;78
258;Cat-A;3;5
259;Cat-A;8;10
260;Cat-A;20;0
261;Cat-A;2;22
262;Cat-A;45;15
263;Cat-A;1;22
264;Cat-A;0;0
265;Cat-A;0;14
266;Cat-A;5;7
267;Cat-A;9;6
268;Cat-A;13;72
269;Cat-A;11;33
270;Cat-A;10;18
271;Cat-A;6;15
272;Cat-A;4;0
273;Cat-A;0;0
274;Cat-A;12;0
275;Cat-A;1;4
276;Cat-A;24;0
277;Cat-A;0;0
278;Cat-A;5;0
279;Cat-A;9;0
280;Cat-A;0;0
281;Cat-A;5;0
282;Cat-A;12;0
283;Cat-A;15;0
284;Cat-A;8;0
285;Cat-A;5;0
286;Cat-A;20;0
287;Cat-A;9;0
288;Cat-A;7;0
289;Cat-A;17;0
290;Cat-A;0;0
291;Cat-A;16;0
292;Cat-A;0;0
293;Cat-A;14;0
294;Cat-A;0;0
295;Cat-A;0;0
296;Cat-A;10;0
297;Cat-A;0;0
298;Cat-A;0;0
299;Cat-A;21;0
300;Cat-A;8;0
301;Cat-A;3;0
302;Cat-A;9;0
303;Cat-A;4;0
304;Cat-A;14;24
305;Cat-A;10;7
306;Cat-A;8;14
307;Cat-A;9;5
308;Cat-A;8;5
309;Cat-A;0;58
310;Cat-A;0;24
311;Cat-A;0;0
312;Cat-A;1;9
313;Cat-A;8;58
314;Cat-A;0;0
315;Cat-A;35;32
316;Cat-A;20;11
317;Cat-A;12;20
318;Cat-A;10;32
319;Cat-A;7;25
320;Cat-A;4;20
321;Cat-A;0;5
322;Cat-A;3;16
323;Cat-A;5;26
324;Cat-A;0;50
325;Cat-A;4;10
326;Cat-A;11;29
327;Cat-A;2;60
328;Cat-A;9;35
329;Cat-A;8;35
330;Cat-A;5;40
331;Cat-A;0;0
332;Cat-A;2;30
333;Cat-A;9;30
334;Cat-A;9;22
335;Cat-A;17;65
336;Cat-A;41;0
337;Cat-A;1;0
338;Cat-A;6;0
339;Cat-A;46;0
340;Cat-A;8;0
341;Cat-A;7;0
342;Cat-A;10;0
343;Cat-A;5;0
344;Cat-A;12;0
345;Cat-A;4;0
346;Cat-A;12;0
347;Cat-A;0;0
348;Cat-A;9;0
349;Cat-A;7;0
350;Cat-A;4;0
351;Cat-A;9;0
352;Cat-A;28;0
353;Cat-A;9;0
354;Cat-A;0;0
355;Cat-A;9;0
356;Cat-A;5;0
357;Cat-A;0;0
358;Cat-A;0;0
359;Cat-A;0;0
360;Cat-A;0;0
361;Cat-A;6;0
362;Cat-A;4;0
363;Cat-A;12;0
364;Cat-A;11;0
365;Cat-A;5;0
366;Cat-A;0;0
367;Cat-A;4;0
368;Cat-A;12;0
369;Cat-A;11;0
370;Cat-A;5;15
371;Cat-A;10;0
372;Cat-A;12;3
373;Cat-A;6;5
374;Cat-A;8;0
375;Cat-A;9;6
376;Cat-A;2;0
377;Cat-A;5;4
378;Cat-A;4;0
379;Cat-A;10;0
380;Cat-A;6;0
381;Cat-A;7;0
382;Cat-A;4;0
383;Cat-A;14;0
384;Cat-A;5;0
385;Cat-A;4;0
386;Cat-A;13;0
387;Cat-A;11;3
388;Cat-A;4;0
389;Cat-A;12;0
390;Cat-A;0;0
391;Cat-A;1;0
392;Cat-A;0;0
393;Cat-A;2;0
394;Cat-A;0;0
395;Cat-A;13;0
396;Cat-A;12;0
397;Cat-A;5;0
398;Cat-A;2;2
399;Cat-A;10;0
400;Cat-A;0;0
401;Cat-A;10;0
402;Cat-A;10;2
403;Cat-A;10;4
404;Cat-A;0;0
405;Cat-A;50;0
406;Cat-A;10;0
407;Cat-A;4;0
408;Cat-A;1;0
409;Cat-A;5;0
410;Cat-A;5;0
411;Cat-A;6;0
412;Cat-A;49;9
413;Cat-A;0;0
414;Cat-A;7;0
415;Cat-A;8;0
416;Cat-A;8;0
417;Cat-A;4;9
418;Cat-A;12;0
419;Cat-A;7;9
420;Cat-A;7;0
421;Cat-A;12;0
422;Cat-A;3;0
423;Cat-A;30;20
424;Cat-A;0;5
425;Cat-A;1;5
426;Cat-A;13;0
427;Cat-A;23;12
428;Cat-A;43;23
429;Cat-A;9;12
430;Cat-A;23;13
431;Cat-A;0;0
432;Cat-A;6;0
433;Cat-A;0;0
434;Cat-A;35;49
435;Cat-A;3;0
436;Cat-A;23;16
437;Cat-A;16;13
438;Cat-A;35;0
439;Cat-A;23;13
440;Cat-A;8;0
441;Cat-A;12;0
442;Cat-A;0;0
443;Cat-A;35;19
444;Cat-A;9;0
445;Cat-A;13;0
446;Cat-A;3;6
447;Cat-A;13;9
448;Cat-A;15;12
449;Cat-A;5;0
450;Cat-A;9;6
451;Cat-A;0;0
452;Cat-A;13;0
453;Cat-A;2;0
454;Cat-A;0;0
455;Cat-A;0;0
456;Cat-A;56;0
457;Cat-A;76;0
458;Cat-A;15;0
459;Cat-A;0;0
460;Cat-A;12;0
461;Cat-A;13;0
462;Cat-A;10;11
463;Cat-A;8;0
464;Cat-A;0;0
465;Cat-A;9;0
466;Cat-A;0;0
467;Cat-A;12;0
468;Cat-A;0;0
469;Cat-A;12;0
470;Cat-A;0;0
471;Cat-A;0;0
472;Cat-A;35;0
473;Cat-A;0;0
474;Cat-A;30;0
475;Cat-A;21;0
476;Cat-A;0;0
477;Cat-A;0;0
478;Cat-A;6;0
479;Cat-A;5;4
480;Cat-A;26;0
481;Cat-A;0;0
482;Cat-A;26;0
483;Cat-A;0;0
484;Cat-A;0;0
485;Cat-A;10;0
486;Cat-A;0;0
487;Cat-A;4;0
488;Cat-A;0;0
489;Cat-A;8;0
490;Cat-A;50;0
491;Cat-A;25;0
492;Cat-A;1;0
493;Cat-A;10;0
494;Cat-A;100;0
495;Cat-A;10;0
496;Cat-A;5;0
497;Cat-A;25;0
498;Cat-A;20;0
499;Cat-A;4;0
500;Cat-A;20;0
501;Cat-A;0;0
502;Cat-A;0;0
503;Cat-A;3;0
504;Cat-A;5;0
505;Cat-A;0;0
506;Cat-A;0;0
507;Cat-A;0;0
508;Cat-A;0;0
509;Cat-A;0;0
510;Cat-A;0;0
511;Cat-A;14;0
512;Cat-A;5;0
513;Cat-A;30;5
514;Cat-A;2;2
515;Cat-A;10;0
516;Cat-A;6;0
517;Cat-A;0;0
518;Cat-A;0;0
519;Cat-A;6;0
520;Cat-A;10;0
521;Cat-A;33;0
522;Cat-A;20;0
523;Cat-A;10;0
524;Cat-A;15;0
525;Cat-A;20;0
526;Cat-A;10;0
527;Cat-A;15;0
528;Cat-A;30;0
529;Cat-A;10;0
530;Cat-A;30;0
531;Cat-A;5;0
532;Cat-A;10;0
533;Cat-A;5;0
534;Cat-A;13;0
535;Cat-A;10;0
536;Cat-A;20;0
537;Cat-A;11;0
538;Cat-A;5;0
539;Cat-A;30;0
540;Cat-A;10;0
541;Cat-A;13;0
542;Cat-A;30;0
543;Cat-A;9;0
544;Cat-A;3;5
545;Cat-A;20;20
546;Cat-A;15;15
547;Cat-A;12;15
548;Cat-A;23;0
549;Cat-A;6;0
550;Cat-A;3;0
551;Cat-A;23;0
552;Cat-A;9;0
553;Cat-A;5;4
554;Cat-A;23;0
555;Cat-A;11;0
556;Cat-A;16;0
557;Cat-A;16;0
558;Cat-A;2;2
559;Cat-A;7;0
560;Cat-A;5;0
561;Cat-A;0;0
562;Cat-A;6;0
563;Cat-A;0;0
564;Cat-A;0;0
565;Cat-A;8;0
566;Cat-A;0;0
567;Cat-A;11;0
568;Cat-A;24;0
569;Cat-A;8;0
570;Cat-A;10;0
571;Cat-A;8;0
572;Cat-A;1;0
573;Cat-A;7;0
574;Cat-A;8;0
575;Cat-A;4;0
576;Cat-A;9;0
577;Cat-A;4;23
578;Cat-A;0;0
579;Cat-A;6;0
580;Cat-A;6;0
581;Cat-A;10;0
582;Cat-A;10;0
583;Cat-A;3;0
584;Cat-A;8;0
585;Cat-A;7;0
586;Cat-A;12;0
587;Cat-A;40;25
588;Cat-A;6;0
589;Cat-A;5;0
590;Cat-A;15;0
591;Cat-A;11;2
592;Cat-A;17;0
593;Cat-A;30;0
594;Cat-A;0;0
595;Cat-A;0;0
596;Cat-A;0;0
597;Cat-A;0;0
598;Cat-A;30;0
599;Cat-A;0;0
600;Cat-A;5;0
601;Cat-A;9;0
602;Cat-A;5;0
603;Cat-A;4;0
604;Cat-A;0;0
605;Cat-A;0;0
606;Cat-A;0;0
607;Cat-A;21;0
608;Cat-A;5;0
609;Cat-A;10;0
610;Cat-A;20;0
611;Cat-A;10;0
612;Cat-A;20;0
613;Cat-A;15;0
614;Cat-A;13;0
615;Cat-A;20;0
616;Cat-A;20;0
617;Cat-A;10;0
618;Cat-A;18;0
619;Cat-A;20;0
620;Cat-A;30;0
621;Cat-A;10;0
622;Cat-A;20;0
623;Cat-A;5;0
624;Cat-A;10;0
625;Cat-A;33;0
626;Cat-A;10;0
627;Cat-A;13;0
628;Cat-A;20;0
629;Cat-A;20;0
630;Cat-A;0;0
631;Cat-A;10;0
632;Cat-A;0;0
633;Cat-A;10;0
634;Cat-A;20;0
635;Cat-A;10;0
636;Cat-A;5;0
637;Cat-A;12;0
638;Cat-A;5;2
639;Cat-A;3;3
640;Cat-A;12;15
641;Cat-A;2;2
642;Cat-A;3;3
643;Cat-A;3;2
644;Cat-A;5;4
645;Cat-A;15;15
646;Cat-A;2;2
647;Cat-A;0;0
648;Cat-A;10;10
649;Cat-A;23;20
650;Cat-A;6;6
651;Cat-A;20;15
652;Cat-A;8;3
653;Cat-A;4;3
654;Cat-A;19;23
655;Cat-A;0;0
656;Cat-A;0;0
657;Cat-A;10;8
658;Cat-A;30;25
659;Cat-A;0;0
660;Cat-A;0;0
661;Cat-A;10;5
662;Cat-A;0;0
663;Cat-A;0;0
664;Cat-A;7;5
665;Cat-A;10;6
666;Cat-A;0;1
667;Cat-A;10;0
668;Cat-A;0;0
669;Cat-A;14;0
670;Cat-A;22;0
671;Cat-A;12;0
672;Cat-A;12;0
673;Cat-A;0;0
674;Cat-A;7;0
675;Cat-A;0;0
676;Cat-A;52;0
677;Cat-A;0;0
678;Cat-A;10;0
679;Cat-A;8;0
680;Cat-A;28;0
681;Cat-A;35;0
682;Cat-A;1;0
683;Cat-A;15;0
684;Cat-A;0;0
685;Cat-A;15;0
686;Cat-A;7;0
687;Cat-A;6;0
688;Cat-A;18;0
689;Cat-A;50;0
690;Cat-A;0;0
691;Cat-A;8;0
692;Cat-A;0;0
693;Cat-A;0;0
694;Cat-A;0;0
695;Cat-A;12;0
696;Cat-A;0;0
697;Cat-A;0;0
698;Cat-A;0;0
699;Cat-A;3;8
700;Cat-A;21;10
701;Cat-A;0;0
702;Cat-A;12;15
703;Cat-A;0;0
704;Cat-A;10;0
705;Cat-A;0;21
706;Cat-A;10;2
707;Cat-A;13;31
708;Cat-A;0;10
709;Cat-A;6;6
710;Cat-A;24;25
711;Cat-A;0;1
712;Cat-A;11;2
713;Cat-A;0;6
714;Cat-A;1;3
715;Cat-A;0;0
716;Cat-A;0;8
717;Cat-A;6;8
718;Cat-A;0;0
719;Cat-A;4;0
720;Cat-A;0;0
721;Cat-A;4;8
722;Cat-A;5;11
723;Cat-A;8;6
724;Cat-A;6;17
725;Cat-A;2;0
726;Cat-A;5;0
727;Cat-A;6;0
728;Cat-A;5;2
729;Cat-A;3;0
730;Cat-A;9;0
731;Cat-A;38;0
732;Cat-A;20;0
733;Cat-A;9;0
734;Cat-A;10;0
735;Cat-A;5;14
736;Cat-A;5;0
737;Cat-A;1;0
738;Cat-A;15;3
739;Cat-A;5;0
740;Cat-A;0;2
741;Cat-A;4;2
742;Cat-A;6;0
743;Cat-A;0;0
744;Cat-A;1;0
745;Cat-A;3;0
746;Cat-A;5;0
747;Cat-A;5;0
748;Cat-A;7;8
749;Cat-A;2;0
750;Cat-A;8;0
751;Cat-A;5;0
752;Cat-A;5;0
753;Cat-A;20;0
754;Cat-A;18;0
755;Cat-A;0;0
756;Cat-A;23;20
757;Cat-A;6;0
758;Cat-A;8;0
759;Cat-A;6;1
760;Cat-A;4;0
761;Cat-A;1;1
762;Cat-A;2;2
763;Cat-A;10;0
764;Cat-A;0;0
765;Cat-A;45;50
766;Cat-A;6;10
767;Cat-A;3;11
768;Cat-A;5;2
769;Cat-A;1;1
770;Cat-A;4;4
771;Cat-A;9;0
772;Cat-A;0;0
773;Cat-A;6;0
774;Cat-A;2;0
775;Cat-A;10;2
776;Cat-A;17;0
777;Cat-A;13;0
778;Cat-A;11;0
779;Cat-A;3;0
780;Cat-A;3;0
781;Cat-A;10;0
782;Cat-A;10;0
783;Cat-A;0;0
784;Cat-A;6;0
785;Cat-A;2;1
786;Cat-A;9;0
787;Cat-A;9;0
788;Cat-A;1;0
789;Cat-A;6;0
790;Cat-A;12;15
791;Cat-A;1;1
792;Cat-A;6;5
793;Cat-A;9;15
794;Cat-A;30;35
795;Cat-A;10;0
796;Cat-A;6;6
797;Cat-A;6;1
798;Cat-A;10;0
799;Cat-A;8;0
800;Cat-A;4;0
801;Cat-A;0;13
802;Cat-A;9;0
803;Cat-A;7;0
804;Cat-A;25;0
805;Cat-A;11;0
806;Cat-A;50;6
807;Cat-A;8;0
808;Cat-A;0;0
809;Cat-A;9;0
810;Cat-A;6;0
811;Cat-A;5;0
812;Cat-A;2;0
813;Cat-A;0;0
814;Cat-A;0;0
815;Cat-A;3;0
816;Cat-A;3;0
817;Cat-A;8;0
818;Cat-A;1;0
819;Cat-A;4;0
820;Cat-A;0;0
821;Cat-A;11;0
822;Cat-A;5;7
823;Cat-A;7;7
824;Cat-A;5;6
825;Cat-A;5;15
826;Cat-A;8;20
827;Cat-A;5;20
828;Cat-A;2;0
829;Cat-A;2;0
830;Cat-A;0;8
831;Cat-A;4;2
832;Cat-A;10;24
833;Cat-A;5;2
834;Cat-A;8;11
835;Cat-A;3;8
836;Cat-A;8;12
837;Cat-A;15;16
838;Cat-A;15;25
839;Cat-A;12;15
840;Cat-A;8;7
841;Cat-A;15;10
842;Cat-A;5;6
843;Cat-A;5;8
844;Cat-A;0;3
845;Cat-A;0;1
846;Cat-A;1;1
847;Cat-A;0;6
848;Cat-A;10;16
849;Cat-A;0;1
850;Cat-A;1;0
851;Cat-A;14;15
852;Cat-A;0;0
853;Cat-A;0;0
854;Cat-A;10;10
855;Cat-A;10;15
856;Cat-A;25;10
857;Cat-A;10;0
858;Cat-A;2;1
859;Cat-A;10;15
860;Cat-A;10;0
861;Cat-A;0;0
862;Cat-A;0;0
863;Cat-A;5;0
864;Cat-A;15;10
865;Cat-A;10;2
866;Cat-A;50;10
867;Cat-A;2;0
868;Cat-A;0;0
869;Cat-A;15;5
870;Cat-A;10;0
871;Cat-A;35;10
872;Cat-A;20;25
873;Cat-A;0;0
874;Cat-A;10;0
875;Cat-A;10;5
876;Cat-A;5;2
877;Cat-A;25;12
878;Cat-A;14;3
879;Cat-A;20;13
880;Cat-A;12;5
881;Cat-A;20;23
882;Cat-A;120;45
883;Cat-A;15;7
884;Cat-A;15;15
885;Cat-A;15;5
886;Cat-A;15;8
887;Cat-A;25;5
888;Cat-A;3;2
889;Cat-A;8;5
890;Cat-A;15;2
891;Cat-A;8;45
892;Cat-A;70;5
893;Cat-A;0;10
894;Cat-A;20;3
895;Cat-A;0;0
896;Cat-A;0;0
897;Cat-A;0;0
898;Cat-A;17;5
899;Cat-A;5;2
900;Cat-A;8;3
901;Cat-A;68;82
902;Cat-A;6;0
903;Cat-A;19;0
904;Cat-A;24;4
905;Cat-A;12;1
906;Cat-A;12;0
907;Cat-A;23;20
908;Cat-A;4;7
909;Cat-A;3;0
910;Cat-A;0;0
911;Cat-A;25;30
912;Cat-A;1;1
913;Cat-A;3;0
914;Cat-A;18;4
915;Cat-A;0;0
916;Cat-A;70;55
917;Cat-A;3;7
918;Cat-A;15;3
919;Cat-A;10;0
920;Cat-A;2;2
921;Cat-A;45;20
922;Cat-A;20;0
923;Cat-A;18;0
924;Cat-A;0;85
925;Cat-A;7;0
926;Cat-A;45;0
927;Cat-A;4;0
928;Cat-A;4;2
929;Cat-A;8;0
930;Cat-A;0;12
931;Cat-A;4;4
932;Cat-A;5;15
933;Cat-A;4;10
934;Cat-A;3;10
935;Cat-A;25;38
936;Cat-A;10;25
937;Cat-A;75;375
938;Cat-A;9;67
939;Cat-A;4;5
940;Cat-A;83;175
941;Cat-A;35;15
942;Cat-A;17;15
943;Cat-A;250;500
944;Cat-A;4;15
945;Cat-A;7;35
946;Cat-A;5;13
947;Cat-A;40;57
948;Cat-A;2;8
949;Cat-A;33;25
950;Cat-A;4;11
951;Cat-A;67;19
952;Cat-A;9;10
953;Cat-A;10;17
954;Cat-A;18;24
955;Cat-A;21;14
956;Cat-A;40;120
957;Cat-A;5;15
958;Cat-A;5;5
959;Cat-A;10;17
960;Cat-A;8;20
961;Cat-A;3;15
962;Cat-A;4;20
963;Cat-A;5;31
964;Cat-A;2;0
965;Cat-A;0;0
966;Cat-A;3;0
967;Cat-A;0;6
968;Cat-A;3;0
969;Cat-A;34;5
970;Cat-A;0;0
971;Cat-A;0;0
972;Cat-A;35;0
973;Cat-A;8;2
974;Cat-A;11;6
975;Cat-A;0;0
976;Cat-A;5;0
977;Cat-A;0;0
978;Cat-A;0;0
979;Cat-A;0;0
980;Cat-A;16;0
981;Cat-A;8;15
982;Cat-A;15;28
983;Cat-A;6;0
984;Cat-A;4;0
985;Cat-A;0;0
986;Cat-A;3;0
987;Cat-A;0;0
988;Cat-A;0;0
989;Cat-A;54;0
990;Cat-A;7;0
991;Cat-A;80;0
992;Cat-A;0;5
993;Cat-A;0;7
994;Cat-A;9;0
995;Cat-A;0;15
996;Cat-A;0;8
997;Cat-A;0;0
998;Cat-A;8;0
999;Cat-A;0;0
1000;Cat-A;0;0
1001;Cat-A;19;0
1002;Cat-A;0;0
1003;Cat-A;2;0
1004;Cat-A;52;5
1005;Cat-A;4;7
1006;Cat-A;10;1
1007;Cat-A;15;5
1008;Cat-A;20;5
1009;Cat-A;30;5
1010;Cat-A;10;5
1011;Cat-A;15;2
1012;Cat-A;30;25
1013;Cat-A;25;0
1014;Cat-A;0;0
1015;Cat-A;0;0
1016;Cat-A;10;0
1017;Cat-A;12;0
1018;Cat-A;8;0
1019;Cat-A;35;0
1020;Cat-A;10;0
1021;Cat-A;10;0
1022;Cat-A;3;0
1023;Cat-A;15;0
1024;Cat-A;0;0
1025;Cat-A;10;3
1026;Cat-A;0;0
1027;Cat-A;15;0
1028;Cat-A;15;0
1029;Cat-A;0;0
1030;Cat-A;2;0
1031;Cat-A;15;0
1032;Cat-A;11;0
1033;Cat-A;5;0
1034;Cat-A;0;0
1035;Cat-A;35;25
1036;Cat-A;0;0
1037;Cat-A;15;0
1038;Cat-A;0;0
1039;Cat-A;5;0
1040;Cat-A;15;0
1041;Cat-A;15;0
1042;Cat-A;5;0
1043;Cat-A;14;0
1044;Cat-A;5;0
1045;Cat-A;50;0
1046;Cat-A;0;26
1047;Cat-A;12;0
1048;Cat-A;45;0
1049;Cat-A;11;0
1050;Cat-A;0;0
1051;Cat-A;0;0
1052;Cat-A;0;0
1053;Cat-A;0;0
1054;Cat-A;58;0
1055;Cat-A;1;0
1056;Cat-A;63;0
1057;Cat-A;21;0
1058;Cat-A;0;0
1059;Cat-A;8;0
1060;Cat-A;0;27
1061;Cat-A;1;3
1062;Cat-A;2;0
1063;Cat-A;5;0
1064;Cat-A;4;0
1065;Cat-A;0;0
1066;Cat-A;10;2
1067;Cat-A;20;0
1068;Cat-A;11;0
1069;Cat-A;0;0
1070;Cat-A;16;0
1071;Cat-A;0;0
1072;Cat-A;0;6
1073;Cat-A;0;40
1074;Cat-A;7;0
1075;Cat-A;6;6
1076;Cat-A;15;5
1077;Cat-A;5;3
1078;Cat-A;70;7
1079;Cat-A;7;6
1080;Cat-A;9;0
1081;Cat-A;14;0
1082;Cat-A;15;0
1083;Cat-A;3;7
1084;Cat-A;12;26
1085;Cat-A;4;4
1086;Cat-A;10;15
1087;Cat-A;5;20
1088;Cat-A;10;0
1089;Cat-A;22;0
1090;Cat-A;30;32
1091;Cat-A;10;10
1092;Cat-A;9;3
1093;Cat-A;9;6
1094;Cat-A;6;4
1095;Cat-A;8;0
1096;Cat-A;22;10
1097;Cat-A;20;25
1098;Cat-A;10;6
1099;Cat-A;25;15
1100;Cat-A;12;2
1101;Cat-A;15;4
1102;Cat-A;0;20
1103;Cat-A;20;30
1104;Cat-A;0;12
1105;Cat-A;20;10
1106;Cat-A;2;10
1107;Cat-A;1;0
1108;Cat-A;1;0
1109;Cat-A;3;0
1110;Cat-A;5;0
1111;Cat-A;0;0
1112;Cat-A;1;0
1113;Cat-A;2;0
1114;Cat-A;0;0
1115;Cat-A;20;0
1116;Cat-A;35;0
1117;Cat-A;17;0
1118;Cat-A;0;0
1119;Cat-A;0;0
1120;Cat-A;7;0
1121;Cat-A;10;0
1122;Cat-A;15;0
1123;Cat-A;0;0
1124;Cat-A;0;0
1125;Cat-A;0;0
1126;Cat-A;0;0
1127;Cat-A;0;0
1128;Cat-A;5;0
1129;Cat-A;1;1
1130;Cat-A;3;0
1131;Cat-A;0;0
1132;Cat-A;0;0
1133;Cat-A;0;0
1134;Cat-A;0;0
1135;Cat-A;20;0
1136;Cat-A;13;0
1137;Cat-A;4;0
1138;Cat-A;4;0
1139;Cat-A;0;18
1140;Cat-A;10;10
1141;Cat-A;0;1
1142;Cat-A;0;6
1143;Cat-A;1;2
1144;Cat-A;9;10
1145;Cat-A;6;9
1146;Cat-A;5;2
1147;Cat-A;8;2
1148;Cat-A;0;9
1149;Cat-A;8;10
1150;Cat-A;18;0
1151;Cat-A;0;125
1152;Cat-A;10;0
1153;Cat-A;0;5
1154;Cat-A;12;0
1155;Cat-A;9;0
1156;Cat-A;0;32
1157;Cat-A;9;22
1158;Cat-A;8;2
1159;Cat-A;4;0
1160;Cat-A;26;14
1161;Cat-A;12;0
1162;Cat-A;0;2
1163;Cat-A;0;1
1164;Cat-A;0;0
1165;Cat-A;0;55
1166;Cat-A;6;66
1167;Cat-A;0;0
1168;Cat-A;8;18
1169;Cat-A;0;45
1170;Cat-A;0;26
1171;Cat-A;10;15
1172;Cat-A;5;0
1173;Cat-A;0;0
1174;Cat-A;0;5
1175;Cat-A;20;0
1176;Cat-A;0;0
1177;Cat-A;3;8
1178;Cat-A;60;0
1179;Cat-A;5;5
1180;Cat-A;0;0
1181;Cat-A;0;8
1182;Cat-A;0;0
1183;Cat-A;0;20
1184;Cat-A;10;0
1185;Cat-A;13;0
1186;Cat-A;0;0
1187;Cat-A;6;0
1188;Cat-A;15;0
1189;Cat-A;9;0
1190;Cat-A;45;0
1191;Cat-A;0;0
1192;Cat-A;12;0
1193;Cat-A;20;0
1194;Cat-A;5;0
1195;Cat-A;5;0
1196;Cat-A;8;0
1197;Cat-A;5;0
1198;Cat-A;0;0
1199;Cat-A;0;0
1200;Cat-A;20;0
1201;Cat-A;4;0
1202;Cat-A;0;0
1203;Cat-A;15;30
1204;Cat-A;8;0
1205;Cat-A;80;60
1206;Cat-A;12;20
1207;Cat-A;15;0
1208;Cat-A;20;15
1209;Cat-A;25;15
1210;Cat-A;30;0
1211;Cat-A;15;0
1212;Cat-A;0;0
1213;Cat-A;3;0
1214;Cat-A;1;0
1215;Cat-A;3;0
1216;Cat-A;15;0
1217;Cat-A;20;0
1218;Cat-A;20;0
1219;Cat-A;15;0
1220;Cat-A;15;0
1221;Cat-A;10;0
1222;Cat-A;18;0
1223;Cat-A;3;0
1224;Cat-A;0;20
1225;Cat-A;25;50
1226;Cat-A;8;0
1227;Cat-A;18;0
1228;Cat-A;0;20
1229;Cat-A;0;40
1230;Cat-A;0;30
1231;Cat-A;0;40
1232;Cat-A;10;0
1233;Cat-A;30;0
1234;Cat-A;0;0
1235;Cat-A;15;150
1236;Cat-A;15;50
1237;Cat-A;8;20
1238;Cat-A;200;100
1239;Cat-A;11;5
1240;Cat-A;70;50
1241;Cat-A;30;20
1242;Cat-A;17;150
1243;Cat-A;100;100
1244;Cat-A;4;20
1245;Cat-A;80;100
1246;Cat-A;100;100
1247;Cat-A;12;15
1248;Cat-A;22;4
1249;Cat-A;12;5
1250;Cat-A;9;3
1251;Cat-A;25;15
1252;Cat-A;15;5
1253;Cat-A;15;25
1254;Cat-A;50;30
1255;Cat-A;15;13
1256;Cat-A;6;15
1257;Cat-A;25;50
1258;Cat-A;27;20
1259;Cat-A;10;10
1260;Cat-A;10;25
1261;Cat-A;13;16
1262;Cat-A;30;30
1263;Cat-A;100;70
1264;Cat-A;11;2
1265;Cat-A;9;6
1266;Cat-A;3;0
1267;Cat-A;9;0
1268;Cat-A;8;0
1269;Cat-A;0;27
1270;Cat-A;25;35
1271;Cat-A;0;0
1272;Cat-A;0;0
1273;Cat-A;10;0
1274;Cat-A;5;0
1275;Cat-A;7;0
1276;Cat-A;3;0
1277;Cat-A;25;0
1278;Cat-A;8;11
1279;Cat-A;4;0
1280;Cat-A;0;0
1281;Cat-A;15;70
1282;Cat-A;3;0
1283;Cat-A;16;0
1284;Cat-A;0;30
1285;Cat-A;9;0
1286;Cat-A;10;0
1287;Cat-A;1;0
1288;Cat-A;13;0
1289;Cat-A;78;0
1290;Cat-A;12;0
1291;Cat-A;9;0
1292;Cat-A;30;0
1293;Cat-A;7;0
1294;Cat-A;19;0
1295;Cat-A;6;0
1296;Cat-A;30;0
1297;Cat-A;30;0
1298;Cat-A;3;0
1299;Cat-A;10;0
1300;Cat-A;5;0
1301;Cat-A;20;0
1302;Cat-A;5;0
1303;Cat-A;5;0
1304;Cat-A;30;0
1305;Cat-A;13;0
1306;Cat-A;30;0
1307;Cat-A;20;0
1308;Cat-A;50;0
1309;Cat-A;6;0
1310;Cat-A;20;0
1311;Cat-A;5;0
1312;Cat-A;80;10
1313;Cat-A;0;0
1314;Cat-A;10;0
1315;Cat-A;6;0
1316;Cat-A;12;0
1317;Cat-A;1;0
1318;Cat-A;7;0
1319;Cat-A;16;15
1320;Cat-A;0;6
1321;Cat-A;7;0
1322;Cat-A;7;0
1323;Cat-A;5;0
1324;Cat-A;10;2
1325;Cat-A;0;0
1326;Cat-A;0;0
1327;Cat-A;0;0
1328;Cat-A;10;0
1329;Cat-A;5;0
1330;Cat-A;4;4
1331;Cat-A;0;0
1332;Cat-A;5;0
1333;Cat-A;3;0
1334;Cat-A;0;0
1335;Cat-A;12;5
1336;Cat-A;0;0
1337;Cat-A;0;4
1338;Cat-A;13;0
1339;Cat-A;6;2
1340;Cat-A;12;0
1341;Cat-A;0;0
1342;Cat-A;11;0
1343;Cat-A;30;0
1344;Cat-A;35;20
1345;Cat-A;4;6
1346;Cat-A;5;0
1347;Cat-A;0;0
1348;Cat-A;0;0
1349;Cat-A;0;0
1350;Cat-A;30;0
1351;Cat-A;10;2
1352;Cat-A;1;0
1353;Cat-A;18;0
1354;Cat-A;9;0
1355;Cat-A;7;0
1356;Cat-A;7;0
1357;Cat-A;6;0
1358;Cat-A;3;6
1359;Cat-A;4;0
1360;Cat-A;12;3
1361;Cat-A;6;0
1362;Cat-A;9;0
1363;Cat-A;8;14
1364;Cat-A;7;0
1365;Cat-A;3;0
1366;Cat-A;100;0
1367;Cat-A;8;0
1368;Cat-A;1;0
1369;Cat-A;4;0
1370;Cat-A;0;0
1371;Cat-A;9;0
1372;Cat-A;30;0
1373;Cat-A;2;3
1374;Cat-A;10;0
1375;Cat-A;20;0
1376;Cat-A;14;0
1377;Cat-A;6;0
1378;Cat-A;28;30
1379;Cat-A;24;12
1380;Cat-A;8;6
1381;Cat-A;12;0
1382;Cat-A;21;0
1383;Cat-A;0;0
1384;Cat-A;9;0
1385;Cat-A;0;0
1386;Cat-A;9;0
1387;Cat-A;5;0
1388;Cat-A;16;0
1389;Cat-A;8;0
1390;Cat-A;8;0
1391;Cat-A;6;0
1392;Cat-A;5;0
1393;Cat-A;0;0
1394;Cat-A;0;0
1395;Cat-A;16;0
1396;Cat-A;17;0
1397;Cat-A;17;0
1398;Cat-A;1;0
1399;Cat-A;13;0
1400;Cat-A;0;0
1401;Cat-A;4;0
1402;Cat-A;4;0
1403;Cat-A;0;0
1404;Cat-A;16;15
1405;Cat-A;0;0
1406;Cat-A;6;0
1407;Cat-A;0;0
1408;Cat-A;0;0
1409;Cat-A;2;0
1410;Cat-A;0;0
1411;Cat-A;0;0
1412;Cat-A;14;0
1413;Cat-A;12;0
1414;Cat-A;5;0
1415;Cat-A;4;0
1416;Cat-A;7;0
1417;Cat-A;7;0
1418;Cat-A;20;0
1419;Cat-A;5;0
1420;Cat-A;11;0
1421;Cat-A;4;0
1422;Cat-A;14;0
1423;Cat-A;3;0
1424;Cat-A;3;0
1425;Cat-A;9;0
1426;Cat-A;21;0
1427;Cat-A;8;0
1428;Cat-A;11;0
1429;Cat-A;5;3
1430;Cat-A;50;15
1431;Cat-A;0;0
1432;Cat-A;16;0
1433;Cat-A;20;10
1434;Cat-A;15;0
1435;Cat-A;8;0
1436;Cat-A;15;4
1437;Cat-A;6;0
1438;Cat-A;54;0
1439;Cat-A;11;0
1440;Cat-A;3;4
1441;Cat-A;0;0
1442;Cat-A;10;0
1443;Cat-A;12;0
1444;Cat-A;5;0
1445;Cat-A;43;0
1446;Cat-A;2;0
1447;Cat-A;2;0
1448;Cat-A;7;0
1449;Cat-A;18;0
1450;Cat-A;30;0
1451;Cat-A;0;0
1452;Cat-A;7;0
1453;Cat-A;9;0
1454;Cat-A;11;0
1455;Cat-A;0;0
1456;Cat-A;0;0
1457;Cat-A;1;0
1458;Cat-A;1;0
1459;Cat-A;9;0
1460;Cat-A;4;0
1461;Cat-A;4;0
1462;Cat-A;0;0
1463;Cat-A;7;0
1464;Cat-A;4;0
1465;Cat-A;11;0
1466;Cat-A;9;0
1467;Cat-A;19;0
1468;Cat-A;12;0
1469;Cat-A;0;0
1470;Cat-A;9;0
1471;Cat-A;0;0
1472;Cat-A;0;0
1473;Cat-A;12;0
1474;Cat-A;0;0
1475;Cat-A;2;0
1476;Cat-A;13;0
1477;Cat-A;5;0
1478;Cat-A;28;2
1479;Cat-A;42;22
1480;Cat-A;1;0
1481;Cat-A;22;11
1482;Cat-A;13;13
1483;Cat-A;0;0
1484;Cat-A;16;13
1485;Cat-A;3;10
1486;Cat-A;8;4
1487;Cat-A;10;8
1488;Cat-A;13;1
1489;Cat-A;24;0
1490;Cat-A;20;25
1491;Cat-A;19;0
1492;Cat-A;23;0
1493;Cat-A;0;76
1494;Cat-A;2;8
1495;Cat-A;12;12
1496;Cat-A;11;11
1497;Cat-A;14;14
1498;Cat-A;10;0
1499;Cat-A;6;9
1500;Cat-A;8;8
1501;Cat-A;5;0
1502;Cat-A;22;0
1503;Cat-A;16;10
1504;Cat-A;7;0
1505;Cat-A;22;10
1506;Cat-A;33;15
1507;Cat-A;18;18
1508;Cat-A;48;0
1509;Cat-A;10;0
1510;Cat-A;50;8
1511;Cat-A;6;0
1512;Cat-A;8;0
1513;Cat-A;34;0
1514;Cat-A;46;0
1515;Cat-A;10;0
1516;Cat-A;42;0
1517;Cat-A;0;0
1518;Cat-A;17;0
1519;Cat-A;3;0
1520;Cat-A;9;3
1521;Cat-A;30;13
1522;Cat-A;12;12
1523;Cat-A;14;0
1524;Cat-A;42;0
1525;Cat-A;19;0
1526;Cat-A;5;0
1527;Cat-A;5;0
1528;Cat-A;55;0
1529;Cat-A;25;8
1530;Cat-A;24;0
1531;Cat-A;18;0
1532;Cat-A;2;0
1533;Cat-A;25;30
1534;Cat-A;29;0
1535;Cat-A;15;0
1536;Cat-A;66;0
1537;Cat-A;33;0
1538;Cat-A;35;0
1539;Cat-A;10;0
1540;Cat-A;11;0
1541;Cat-A;100;0
1542;Cat-A;30;0
1543;Cat-A;60;0
1544;Cat-A;50;0
1545;Cat-A;5;0
1546;Cat-A;0;0
1547;Cat-A;14;0
1548;Cat-A;5;0
1549;Cat-A;12;0
1550;Cat-A;11;0
1551;Cat-A;30;0
1552;Cat-A;6;0
1553;Cat-A;15;0
1554;Cat-A;8;17
1555;Cat-A;13;0
1556;Cat-A;12;8
1557;Cat-A;5;0
1558;Cat-A;24;0
1559;Cat-A;0;0
1560;Cat-A;8;0
1561;Cat-A;20;0
1562;Cat-A;30;0
1563;Cat-A;28;0
1564;Cat-A;20;0
1565;Cat-A;5;0
1566;Cat-A;40;0
1567;Cat-A;12;0
1568;Cat-A;0;0
1569;Cat-A;20;0
1570;Cat-A;5;8
1571;Cat-A;40;0
1572;Cat-A;0;0
1573;Cat-A;4;4
1574;Cat-A;5;0
1575;Cat-A;16;20
1576;Cat-A;10;10
1577;Cat-A;10;0
1578;Cat-A;5;5
1579;Cat-A;12;12
1580;Cat-A;4;1
1581;Cat-A;13;10
1582;Cat-A;5;0
1583;Cat-A;25;0
1584;Cat-A;1;0
1585;Cat-A;11;0
1586;Cat-A;80;0
1587;Cat-A;50;0
1588;Cat-A;25;100
1589;Cat-A;21;0
1590;Cat-A;5;0
1591;Cat-A;20;0
1592;Cat-A;10;0
1593;Cat-A;9;0
1594;Cat-A;44;0
1595;Cat-A;13;0
1596;Cat-A;25;0
1597;Cat-A;14;0
1598;Cat-A;5;0
1599;Cat-A;4;0
1600;Cat-A;9;0
1601;Cat-A;0;0
1602;Cat-A;0;0
1603;Cat-A;14;0
1604;Cat-A;11;5
1605;Cat-A;4;5
1606;Cat-A;1;1
1607;Cat-A;3;0
1608;Cat-A;10;0
1609;Cat-A;4;0
1610;Cat-A;10;0
1611;Cat-A;20;3
1612;Cat-A;10;5
1613;Cat-A;30;0
1614;Cat-A;16;11
1615;Cat-A;14;17
1616;Cat-A;25;5
1617;Cat-A;15;10
1618;Cat-A;0;0
1619;Cat-A;0;0
1620;Cat-A;4;8
1621;Cat-A;20;20
1622;Cat-A;3;1
1623;Cat-A;22;0
1624;Cat-A;0;0
1625;Cat-A;8;0
1626;Cat-A;8;5
1627;Cat-A;10;7
1628;Cat-A;11;0
1629;Cat-A;8;5
1630;Cat-A;3;0
1631;Cat-A;5;0
1632;Cat-A;7;0
1633;Cat-A;0;5
1634;Cat-A;5;2
1635;Cat-A;22;0
1636;Cat-A;5;2
1637;Cat-A;10;0
1638;Cat-A;12;0
1639;Cat-A;5;3
1640;Cat-A;10;0
1641;Cat-A;5;0
1642;Cat-A;2;0
1643;Cat-A;15;0
1644;Cat-A;14;0
1645;Cat-A;3;0
1646;Cat-A;7;0
1647;Cat-A;25;0
1648;Cat-A;10;7
1649;Cat-A;25;30
1650;Cat-A;5;3
1651;Cat-A;0;0
1652;Cat-A;0;100
1653;Cat-A;10;2
1654;Cat-A;25;5
1655;Cat-A;10;0
1656;Cat-A;0;0
1657;Cat-A;5;0
1658;Cat-A;0;0
1659;Cat-A;0;0
1660;Cat-A;0;0
1661;Cat-A;8;2
1662;Cat-A;25;0
1663;Cat-A;5;0
1664;Cat-A;8;0
1665;Cat-A;15;0
1666;Cat-A;18;0
1667;Cat-A;0;0
1668;Cat-A;0;0
1669;Cat-A;0;0
1670;Cat-A;0;0
1671;Cat-A;6;0
1672;Cat-A;15;2
1673;Cat-A;30;0
1674;Cat-A;0;0
1675;Cat-A;0;0
1676;Cat-A;5;0
1677;Cat-A;5;2
1678;Cat-A;0;0
1679;Cat-A;0;0
1680;Cat-A;4;8
1681;Cat-A;5;5
1682;Cat-A;3;0
1683;Cat-A;12;3
1684;Cat-A;24;3
1685;Cat-A;1;0
1686;Cat-A;0;0
1687;Cat-A;9;0
1688;Cat-A;0;8
1689;Cat-A;6;20
1690;Cat-A;6;0
1691;Cat-A;5;0
1692;Cat-A;11;28
1693;Cat-A;27;18
1694;Cat-A;0;17
1695;Cat-A;3;0
1696;Cat-A;6;0
1697;Cat-A;12;0
1698;Cat-A;14;3
1699;Cat-A;7;0
1700;Cat-A;4;0
1701;Cat-A;6;5
1702;Cat-A;7;0
1703;Cat-A;41;15
1704;Cat-A;9;0
1705;Cat-A;30;0
1706;Cat-A;12;0
1707;Cat-A;6;0
1708;Cat-A;14;0
1709;Cat-A;12;0
1710;Cat-A;7;0
1711;Cat-A;10;0
1712;Cat-A;14;0
1713;Cat-A;5;0
1714;Cat-A;10;0
1715;Cat-A;10;0
1716;Cat-A;5;0
1717;Cat-A;0;0
1718;Cat-A;10;0
1719;Cat-A;200;0
1720;Cat-A;1;0
1721;Cat-A;0;0
1722;Cat-A;14;0
1723;Cat-A;0;0
1724;Cat-A;6;0
1725;Cat-A;10;0
1726;Cat-A;14;0
1727;Cat-A;0;0
1728;Cat-A;20;0
1729;Cat-A;0;0
1730;Cat-A;60;0
1731;Cat-A;10;0
1732;Cat-A;3;0
1733;Cat-A;0;0
1734;Cat-A;0;0
1735;Cat-A;3;0
1736;Cat-A;0;17
1737;Cat-A;7;10
1738;Cat-A;5;0
1739;Cat-A;7;0
1740;Cat-A;0;0
1741;Cat-A;16;5
1742;Cat-A;5;15
1743;Cat-A;0;0
1744;Cat-A;0;0
1745;Cat-A;74;35
1746;Cat-A;10;10
1747;Cat-A;29;17
1748;Cat-A;0;116
1749;Cat-A;15;14
1750;Cat-A;26;15
1751;Cat-A;8;0
1752;Cat-A;5;0
1753;Cat-A;2;0
1754;Cat-A;3;0
1755;Cat-A;0;15
1756;Cat-A;4;0
1757;Cat-A;0;0
1758;Cat-A;2;1
1759;Cat-A;5;0
1760;Cat-A;9;5
1761;Cat-A;0;4
1762;Cat-A;0;3
1763;Cat-A;4;0
1764;Cat-A;5;17
1765;Cat-A;3;3
1766;Cat-A;6;5
1767;Cat-A;21;0
1768;Cat-A;4;0
1769;Cat-A;9;0
1770;Cat-A;48;40
1771;Cat-A;3;5
1772;Cat-A;0;3
1773;Cat-A;23;0
1774;Cat-A;5;0
1775;Cat-A;0;0
1776;Cat-A;1;1
1777;Cat-A;15;0
1778;Cat-A;4;0
1779;Cat-A;2;0
1780;Cat-A;30;0
1781;Cat-A;0;0
1782;Cat-A;5;0
1783;Cat-A;30;0
1784;Cat-A;4;0
1785;Cat-A;13;0
1786;Cat-A;0;0
1787;Cat-A;21;0
1788;Cat-A;14;0
1789;Cat-A;0;0
1790;Cat-A;15;0
1791;Cat-A;4;0
1792;Cat-A;1;0
1793;Cat-A;7;0
1794;Cat-A;10;0
1795;Cat-A;1;0
1796;Cat-A;4;0
1797;Cat-A;5;0
1798;Cat-A;0;0
1799;Cat-A;8;0
1800;Cat-A;60;0
1801;Cat-A;2;0
1802;Cat-A;4;0
1803;Cat-A;6;0
1804;Cat-A;5;0
1805;Cat-A;6;0
1806;Cat-A;9;0
1807;Cat-A;11;0
1808;Cat-A;5;0
1809;Cat-A;12;0
1810;Cat-A;4;0
1811;Cat-A;2;0
1812;Cat-A;30;0
1813;Cat-A;4;0
1814;Cat-A;4;0
1815;Cat-A;0;0
1816;Cat-A;15;0
1817;Cat-A;16;46
1818;Cat-A;0;0
1819;Cat-A;4;79
1820;Cat-A;2;4
1821;Cat-A;0;0
1822;Cat-A;10;69
1823;Cat-A;0;20
1824;Cat-A;0;0
1825;Cat-A;11;15
1826;Cat-A;14;72
1827;Cat-A;0;57
1828;Cat-A;0;85
1829;Cat-A;25;10
1830;Cat-A;8;66
1831;Cat-A;0;25
1832;Cat-A;100;0
1833;Cat-A;50;20
1834;Cat-A;16;0
1835;Cat-A;400;0
1836;Cat-A;10;0
1837;Cat-A;5;0
1838;Cat-A;6;0
1839;Cat-A;0;0
1840;Cat-A;32;0
1841;Cat-A;0;3
1842;Cat-A;9;0
1843;Cat-A;10;15
1844;Cat-A;0;60
1845;Cat-A;5;6
1846;Cat-A;0;3
1847;Cat-A;0;0
1848;Cat-A;13;0
1849;Cat-A;0;0
1850;Cat-A;0;0
1851;Cat-A;0;0
1852;Cat-A;0;0
1853;Cat-A;0;0
1854;Cat-A;0;0
1855;Cat-A;25;25
1856;Cat-A;0;0
1857;Cat-A;0;0
1858;Cat-A;1;0
1859;Cat-A;0;4
1860;Cat-A;0;0
1861;Cat-A;0;0
1862;Cat-A;0;0
1863;Cat-A;0;0
1864;Cat-A;2;0
1865;Cat-A;5;0
1866;Cat-A;0;0
1867;Cat-A;0;0
1868;Cat-A;0;0
1869;Cat-A;0;0
1870;Cat-A;0;0
1871;Cat-A;86;0
1872;Cat-A;24;0
1873;Cat-A;10;0
1874;Cat-A;0;0
1875;Cat-A;29;0
1876;Cat-A;1;0
1877;Cat-A;10;0
1878;Cat-A;16;0
1879;Cat-A;0;0
1880;Cat-A;64;0
1881;Cat-A;32;0
1882;Cat-A;60;0
1883;Cat-A;68;100
1884;Cat-A;10;4
1885;Cat-A;12;0
1886;Cat-A;8;0
1887;Cat-A;18;6
1888;Cat-A;7;7
1889;Cat-A;31;35
1890;Cat-A;64;0
1891;Cat-A;10;0
1892;Cat-A;12;0
1893;Cat-A;29;0
1894;Cat-A;4;0
1895;Cat-A;9;0
1896;Cat-A;7;0
1897;Cat-A;12;0
1898;Cat-A;1;0
1899;Cat-A;26;0
1900;Cat-A;10;0
1901;Cat-A;0;0
1902;Cat-A;0;0
1903;Cat-A;0;0
1904;Cat-A;0;0
1905;Cat-A;0;0
1906;Cat-A;8;0
1907;Cat-A;48;0
1908;Cat-A;12;0
1909;Cat-A;0;0
1910;Cat-A;0;0
1911;Cat-A;5;0
1912;Cat-A;0;0
1913;Cat-A;14;0
1914;Cat-A;0;0
1915;Cat-A;1;0
1916;Cat-A;3;0
1917;Cat-A;0;0
1918;Cat-A;9;0
1919;Cat-A;0;0
1920;Cat-A;0;0
1921;Cat-A;10;0
1922;Cat-A;33;0
1923;Cat-A;0;0
1924;Cat-A;0;0
1925;Cat-A;22;0
1926;Cat-A;18;0
1927;Cat-A;0;0
1928;Cat-A;0;12
1929;Cat-A;20;0
1930;Cat-A;1;0
1931;Cat-A;5;10
1932;Cat-A;15;2
1933;Cat-A;10;10
1934;Cat-A;10;5
1935;Cat-A;4;0
1936;Cat-A;10;0
1937;Cat-A;10;5
1938;Cat-A;0;0
1939;Cat-A;0;0
1940;Cat-A;5;0
1941;Cat-A;10;5
1942;Cat-A;0;0
1943;Cat-A;5;2
1944;Cat-A;5;5
1945;Cat-A;10;10
1946;Cat-A;0;0
1947;Cat-A;0;10
1948;Cat-A;10;50
1949;Cat-A;4;0
1950;Cat-A;5;0
1951;Cat-A;2;0
1952;Cat-A;12;10
1953;Cat-A;5;10
1954;Cat-A;1;0
1955;Cat-A;4;0
1956;Cat-A;5;5
1957;Cat-A;10;10
1958;Cat-A;20;20
1959;Cat-A;13;13
1960;Cat-A;5;15
1961;Cat-A;10;20
1962;Cat-A;0;0
1963;Cat-A;2;20
1964;Cat-A;8;13
1965;Cat-A;12;13
1966;Cat-A;12;13
1967;Cat-A;3;0
1968;Cat-A;35;15
1969;Cat-A;15;30
1970;Cat-A;13;22
1971;Cat-A;13;13
1972;Cat-A;21;13
1973;Cat-A;15;15
1974;Cat-A;16;16
1975;Cat-A;20;30
1976;Cat-A;15;20
1977;Cat-A;20;25
1978;Cat-A;30;30
1979;Cat-A;35;25
1980;Cat-A;35;55
1981;Cat-A;20;25
1982;Cat-A;25;30
1983;Cat-A;30;30
1984;Cat-A;30;25
1985;Cat-A;13;15
1986;Cat-A;15;13
1987;Cat-A;8;11
1988;Cat-A;13;13
1989;Cat-A;13;13
1990;Cat-A;16;13
1991;Cat-A;30;0
1992;Cat-A;0;0
1993;Cat-A;6;0
1994;Cat-A;5;0
1995;Cat-A;9;0
1996;Cat-A;6;0
1997;Cat-A;5;0
1998;Cat-A;5;5
1999;Cat-A;3;5
2000;Cat-A;19;5
2001;Cat-A;5;0
2002;Cat-A;5;0
2003;Cat-A;8;5
2004;Cat-A;8;0
2005;Cat-A;10;50
2006;Cat-A;20;30
2007;Cat-A;20;30
2008;Cat-A;30;30
2009;Cat-A;25;25
2010;Cat-A;20;30
2011;Cat-A;15;30
2012;Cat-A;20;25
2013;Cat-A;0;0
2014;Cat-A;15;25
2015;Cat-A;20;25
2016;Cat-A;15;0
2017;Cat-A;25;0
2018;Cat-A;15;0
2019;Cat-A;10;0
2020;Cat-A;15;0
2021;Cat-A;30;0
2022;Cat-A;15;5
2023;Cat-A;15;0
2024;Cat-A;20;0
2025;Cat-A;30;10
2026;Cat-A;25;10
2027;Cat-A;30;15
2028;Cat-A;25;15
2029;Cat-A;30;5
2030;Cat-A;30;15
2031;Cat-A;30;10
2032;Cat-A;30;20
2033;Cat-A;30;30
2034;Cat-A;3;20
2035;Cat-A;35;15
2036;Cat-A;30;15
2037;Cat-A;10;10
2038;Cat-A;0;15
2039;Cat-A;14;30
2040;Cat-A;30;35
2041;Cat-A;0;50
2042;Cat-A;60;50
2043;Cat-A;0;25
2044;Cat-A;0;0
2045;Cat-A;50;100
2046;Cat-A;0;10
2047;Cat-A;10;40
2048;Cat-A;8;25
2049;Cat-A;0;0
2050;Cat-A;0;25
2051;Cat-A;0;0
2052;Cat-A;15;0
2053;Cat-A;0;0
2054;Cat-A;17;0
2055;Cat-A;10;0
2056;Cat-A;5;5
2057;Cat-A;0;0
2058;Cat-A;5;0
2059;Cat-A;8;47
2060;Cat-A;0;0
2061;Cat-A;15;0
2062;Cat-A;10;10
2063;Cat-A;10;10
2064;Cat-A;10;10
2065;Cat-A;10;10
2066;Cat-A;10;10
2067;Cat-A;10;10
2068;Cat-A;10;20
2069;Cat-A;5;0
2070;Cat-A;0;0
2071;Cat-A;3;0
2072;Cat-A;0;0
2073;Cat-A;18;0
2074;Cat-A;1;0
2075;Cat-A;0;0
2076;Cat-A;15;0
2077;Cat-A;0;0
2078;Cat-A;0;0
2079;Cat-A;5;0
2080;Cat-A;1;0
2081;Cat-A;3;0
2082;Cat-A;0;0
2083;Cat-A;0;0
2084;Cat-A;0;0
2085;Cat-A;3;0
2086;Cat-A;7;0
2087;Cat-A;57;0
2088;Cat-A;4;4
2089;Cat-A;9;0
2090;Cat-A;8;0
2091;Cat-A;0;0
2092;Cat-A;13;0
2093;Cat-A;21;0
2094;Cat-A;30;0
2095;Cat-A;5;0
2096;Cat-A;16;0
2097;Cat-A;1;0
2098;Cat-A;3;0
2099;Cat-A;25;0
2100;Cat-A;28;0
2101;Cat-A;0;9
2102;Cat-A;15;0
2103;Cat-A;0;10
2104;Cat-A;0;0
2105;Cat-A;10;5
2106;Cat-A;15;0
2107;Cat-A;0;0
2108;Cat-A;0;0
2109;Cat-A;1;10
2110;Cat-A;15;0
2111;Cat-A;0;0
2112;Cat-A;0;0
2113;Cat-A;10;6
2114;Cat-A;6;0
2115;Cat-A;4;3
2116;Cat-A;6;6
2117;Cat-A;0;4
2118;Cat-A;10;10
2119;Cat-A;4;5
2120;Cat-A;10;10
2121;Cat-A;8;5
2122;Cat-A;0;0
2123;Cat-A;0;0
2124;Cat-A;7;5
2125;Cat-A;8;0
2126;Cat-A;0;0
2127;Cat-A;7;0
2128;Cat-A;10;10
2129;Cat-A;0;8
2130;Cat-A;5;0
2131;Cat-A;23;30
2132;Cat-A;0;0
2133;Cat-A;4;0
2134;Cat-A;0;0
2135;Cat-A;0;0
2136;Cat-A;0;0
2137;Cat-A;5;0
2138;Cat-A;5;0
2139;Cat-A;6;0
2140;Cat-A;1;0
2141;Cat-A;3;0
2142;Cat-A;0;0
2143;Cat-A;6;0
2144;Cat-A;21;0
2145;Cat-A;0;0
2146;Cat-A;8;0
2147;Cat-A;29;0
2148;Cat-A;8;0
2149;Cat-A;0;0
2150;Cat-A;10;0
2151;Cat-A;0;0
2152;Cat-A;0;0
2153;Cat-A;24;0
2154;Cat-A;0;0
2155;Cat-A;25;0
2156;Cat-A;0;0
2157;Cat-A;1;0
2158;Cat-A;5;0
2159;Cat-A;15;0
2160;Cat-A;3;0
2161;Cat-A;2;0
2162;Cat-A;2;0
2163;Cat-A;15;0
2164;Cat-A;15;0
2165;Cat-A;9;0
2166;Cat-A;0;0
2167;Cat-A;9;0
2168;Cat-A;15;0
2169;Cat-A;5;0
2170;Cat-A;4;0
2171;Cat-A;8;0
2172;Cat-A;15;0
2173;Cat-A;0;0
2174;Cat-A;0;0
2175;Cat-A;0;0
2176;Cat-A;0;0
2177;Cat-A;7;0
2178;Cat-A;0;0
2179;Cat-A;4;0
2180;Cat-A;8;0
2181;Cat-A;1;0
2182;Cat-A;4;0
2183;Cat-A;9;0
2184;Cat-A;20;0
2185;Cat-A;2;2
2186;Cat-A;25;25
2187;Cat-A;0;0
2188;Cat-A;4;0
2189;Cat-A;8;20
2190;Cat-A;15;16
2191;Cat-A;5;30
2192;Cat-A;10;5
2193;Cat-A;30;30
2194;Cat-A;8;20
2195;Cat-A;20;0
2196;Cat-A;25;15
2197;Cat-A;5;15
2198;Cat-A;70;40
2199;Cat-A;10;8
2200;Cat-A;3;0
2201;Cat-A;12;5
2202;Cat-A;18;6
2203;Cat-A;7;0
2204;Cat-A;0;0
2205;Cat-A;10;15
2206;Cat-A;150;100
2207;Cat-A;0;0
2208;Cat-A;35;50
2209;Cat-A;1;0
2210;Cat-A;4;0
2211;Cat-A;10;0
2212;Cat-A;50;0
2213;Cat-A;15;0
2214;Cat-A;20;10
2215;Cat-A;4;3
2216;Cat-A;0;0
2217;Cat-A;0;0
2218;Cat-A;0;0
2219;Cat-A;0;0
2220;Cat-A;0;0
2221;Cat-A;0;0
2222;Cat-A;20;0
2223;Cat-A;12;0
2224;Cat-A;8;0
2225;Cat-A;0;0
2226;Cat-A;5;0
2227;Cat-A;10;0
2228;Cat-A;0;0
2229;Cat-A;0;0
2230;Cat-A;15;0
2231;Cat-A;0;0
2232;Cat-A;10;0
2233;Cat-A;10;0
2234;Cat-A;10;3
2235;Cat-A;12;0
2236;Cat-A;5;3
2237;Cat-A;10;3
2238;Cat-A;8;5
2239;Cat-A;2;0
2240;Cat-A;5;0
2241;Cat-A;0;2
2242;Cat-A;15;8
2243;Cat-A;5;0
2244;Cat-A;10;8
2245;Cat-A;0;0
2246;Cat-A;11;8
2247;Cat-A;0;1
2248;Cat-A;9;0
2249;Cat-A;19;9
2250;Cat-A;4;15
2251;Cat-A;6;0
2252;Cat-A;19;0
2253;Cat-A;10;0
2254;Cat-A;10;10
2255;Cat-A;10;13
2256;Cat-A;10;0
2257;Cat-A;19;8
2258;Cat-A;2;0
2259;Cat-A;0;0
2260;Cat-A;15;0
2261;Cat-A;6;0
2262;Cat-A;15;3
2263;Cat-A;19;3
2264;Cat-A;0;0
2265;Cat-A;20;23
2266;Cat-A;7;8
2267;Cat-A;17;0
2268;Cat-A;8;0
2269;Cat-A;8;0
2270;Cat-A;32;0
2271;Cat-A;2;0
2272;Cat-A;10;0
2273;Cat-A;2;8
2274;Cat-A;3;5
2275;Cat-A;0;0
2276;Cat-A;10;15
2277;Cat-A;18;32
2278;Cat-A;3;5
2279;Cat-A;0;0
2280;Cat-A;12;4
2281;Cat-A;8;8
2282;Cat-A;2;2
2283;Cat-A;8;15
2284;Cat-A;20;15
2285;Cat-A;30;50
2286;Cat-A;35;25
2287;Cat-A;15;15
2288;Cat-A;15;15
2289;Cat-A;20;15
2290;Cat-A;25;15
2291;Cat-A;10;15
2292;Cat-A;15;10
2293;Cat-A;15;15
2294;Cat-A;2;2
2295;Cat-A;15;15
2296;Cat-A;15;10
2297;Cat-A;5;10
2298;Cat-A;15;15
2299;Cat-A;10;12
2300;Cat-A;12;9
2301;Cat-A;10;15
2302;Cat-A;15;15
2303;Cat-A;15;10
2304;Cat-A;10;15
2305;Cat-A;5;2
2306;Cat-A;12;5
2307;Cat-A;0;0
2308;Cat-A;10;5
2309;Cat-A;30;15
2310;Cat-A;25;0
2311;Cat-A;14;0
2312;Cat-A;28;12
2313;Cat-A;35;25
2314;Cat-A;8;0
2315;Cat-A;19;5
2316;Cat-A;9;5
2317;Cat-A;30;15
2318;Cat-A;0;0
2319;Cat-A;15;5
2320;Cat-A;50;30
2321;Cat-A;15;6
2322;Cat-A;20;5
2323;Cat-A;25;10
2324;Cat-A;15;5
2325;Cat-A;11;0
2326;Cat-A;25;18
2327;Cat-A;0;0
2328;Cat-A;0;4
2329;Cat-A;7;15
2330;Cat-A;0;0
2331;Cat-A;0;13
2332;Cat-A;0;15
2333;Cat-A;2;8
2334;Cat-A;6;7
2335;Cat-A;8;0
2336;Cat-A;0;0
2337;Cat-A;4;4
2338;Cat-A;0;1
2339;Cat-A;2;2
2340;Cat-A;7;0
2341;Cat-A;5;0
2342;Cat-A;10;0
2343;Cat-A;5;5
2344;Cat-A;8;2
2345;Cat-A;3;8
2346;Cat-A;12;80
2347;Cat-A;0;0
2348;Cat-A;3;0
2349;Cat-A;0;0
2350;Cat-A;0;10
2351;Cat-A;3;0
2352;Cat-A;9;78
2353;Cat-A;2;0
2354;Cat-A;4;0
2355;Cat-A;5;0
2356;Cat-A;81;30
2357;Cat-A;6;0
2358;Cat-A;5;24
2359;Cat-A;1;32
2360;Cat-A;50;0
2361;Cat-A;3;0
2362;Cat-A;6;3
2363;Cat-A;0;0
2364;Cat-A;12;8
2365;Cat-A;18;0
2366;Cat-A;0;0
2367;Cat-A;0;0
2368;Cat-A;0;0
2369;Cat-A;19;0
2370;Cat-A;5;0
2371;Cat-A;27;0
2372;Cat-A;7;0
2373;Cat-A;18;19
2374;Cat-A;16;0
2375;Cat-A;26;27
2376;Cat-A;0;0
2377;Cat-A;2;2
2378;Cat-A;17;32
2379;Cat-A;10;0
2380;Cat-A;4;0
2381;Cat-A;18;4
2382;Cat-A;12;4
2383;Cat-A;0;0
2384;Cat-A;0;0
2385;Cat-A;0;0
2386;Cat-A;0;0
2387;Cat-A;53;0
2388;Cat-A;9;0
2389;Cat-A;0;16
2390;Cat-A;0;0
2391;Cat-A;11;32
2392;Cat-A;9;0
2393;Cat-A;12;5
2394;Cat-A;0;0
2395;Cat-A;20;10
2396;Cat-A;6;0
2397;Cat-A;9;5
2398;Cat-A;9;0
2399;Cat-A;5;0
2400;Cat-A;10;0
2401;Cat-A;5;0
2402;Cat-A;0;0
2403;Cat-A;10;0
2404;Cat-A;0;0
2405;Cat-A;50;0
2406;Cat-A;27;0
2407;Cat-A;0;0
2408;Cat-A;20;0
2409;Cat-A;10;0
2410;Cat-A;3;0
2411;Cat-A;5;0
2412;Cat-A;9;0
2413;Cat-A;18;0
2414;Cat-A;5;0
2415;Cat-A;15;0
2416;Cat-A;0;0
2417;Cat-A;5;0
2418;Cat-A;25;1
2419;Cat-A;12;1
2420;Cat-A;5;0
2421;Cat-A;5;0
2422;Cat-A;35;2
2423;Cat-A;20;0
2424;Cat-A;12;0
2425;Cat-A;6;9
2426;Cat-A;5;0
2427;Cat-A;32;0
2428;Cat-A;10;4
2429;Cat-A;20;7
2430;Cat-A;5;0
2431;Cat-A;19;4
2432;Cat-A;20;16
2433;Cat-A;18;0
2434;Cat-A;23;25
2435;Cat-A;6;0
2436;Cat-A;18;0
2437;Cat-A;4;13
2438;Cat-A;10;0
2439;Cat-A;24;5
2440;Cat-A;0;0
2441;Cat-A;2;0
2442;Cat-A;4;4
2443;Cat-A;12;8
2444;Cat-A;0;0
2445;Cat-A;0;0
2446;Cat-A;2;0
2447;Cat-A;10;0
2448;Cat-A;0;0
2449;Cat-A;10;0
2450;Cat-A;1;6
2451;Cat-A;63;45
2452;Cat-A;25;0
2453;Cat-A;18;0
2454;Cat-A;28;0
2455;Cat-A;14;0
2456;Cat-A;0;0
2457;Cat-A;7;0
2458;Cat-A;14;50
2459;Cat-A;9;0
2460;Cat-A;10;0
2461;Cat-A;2;2
2462;Cat-A;4;0
2463;Cat-A;3;0
2464;Cat-A;5;0
2465;Cat-A;0;7
2466;Cat-A;12;0
2467;Cat-A;12;0
2468;Cat-A;12;0
2469;Cat-A;0;0
2470;Cat-A;16;0
2471;Cat-A;0;0
2472;Cat-A;4;0
2473;Cat-A;8;0
2474;Cat-A;6;0
2475;Cat-A;17;0
2476;Cat-A;8;0
2477;Cat-A;0;0
2478;Cat-A;0;0
2479;Cat-A;4;0
2480;Cat-A;8;0
2481;Cat-A;30;21
2482;Cat-A;20;8
2483;Cat-A;24;16
2484;Cat-A;20;20
2485;Cat-A;20;20
2486;Cat-A;20;20
2487;Cat-A;0;30
2488;Cat-A;60;60
2489;Cat-A;0;0
2490;Cat-A;0;10
2491;Cat-A;0;8
2492;Cat-A;70;30
2493;Cat-A;0;25
2494;Cat-A;0;20
2495;Cat-A;30;15
2496;Cat-A;20;25
2497;Cat-A;20;18
2498;Cat-A;20;15
2499;Cat-A;20;25
2500;Cat-A;20;18
2501;Cat-A;25;20
2502;Cat-A;15;15
2503;Cat-A;25;15
2504;Cat-A;25;10
2505;Cat-A;25;10
2506;Cat-A;25;10
2507;Cat-A;25;5
2508;Cat-A;25;5
2509;Cat-A;20;0
2510;Cat-A;10;15
2511;Cat-A;0;0
2512;Cat-A;20;5
2513;Cat-A;20;5
2514;Cat-A;15;10
2515;Cat-A;0;0
2516;Cat-A;20;10
2517;Cat-A;20;21
2518;Cat-A;10;1
2519;Cat-A;20;5
2520;Cat-A;12;1
2521;Cat-A;5;2
2522;Cat-A;8;10
2523;Cat-A;8;10
2524;Cat-A;0;0
2525;Cat-A;2;2
2526;Cat-A;11;11
2527;Cat-A;16;20
2528;Cat-A;0;2
2529;Cat-A;5;1
2530;Cat-A;8;38
2531;Cat-A;2;0
2532;Cat-A;0;5
2533;Cat-A;20;0
2534;Cat-A;12;0
2535;Cat-A;0;31
2536;Cat-A;60;0
2537;Cat-A;3;0
2538;Cat-A;0;0
2539;Cat-A;0;0
2540;Cat-A;3;0
2541;Cat-A;0;46
2542;Cat-A;0;0
2543;Cat-A;10;12
2544;Cat-A;13;5
2545;Cat-A;0;6
2546;Cat-A;6;33
2547;Cat-A;12;26
2548;Cat-A;5;0
2549;Cat-A;1;0
2550;Cat-A;0;1
2551;Cat-A;4;7
2552;Cat-A;12;0
2553;Cat-A;5;0
2554;Cat-A;2;0
2555;Cat-A;4;0
2556;Cat-A;2;0
2557;Cat-A;10;1
2558;Cat-A;1;5
2559;Cat-A;0;0
2560;Cat-A;0;0
2561;Cat-A;8;0
2562;Cat-A;5;0
2563;Cat-A;5;0
2564;Cat-A;0;0
2565;Cat-A;4;0
2566;Cat-A;13;0
2567;Cat-A;0;2
2568;Cat-A;5;0
2569;Cat-A;0;0
2570;Cat-A;3;0
2571;Cat-A;9;18
2572;Cat-A;7;2
2573;Cat-A;0;4
2574;Cat-A;2;0
2575;Cat-A;0;0
2576;Cat-A;0;4
2577;Cat-A;4;0
2578;Cat-A;0;0
2579;Cat-A;0;0
2580;Cat-A;4;0
2581;Cat-A;0;0
2582;Cat-A;0;0
2583;Cat-A;0;0
2584;Cat-A;18;14
2585;Cat-A;10;83
2586;Cat-A;10;0
2587;Cat-A;0;0
2588;Cat-A;0;0
2589;Cat-A;0;0
2590;Cat-A;17;8
2591;Cat-A;0;0
2592;Cat-A;10;0
2593;Cat-A;0;0
2594;Cat-A;0;0
2595;Cat-A;0;0
2596;Cat-A;1;0
2597;Cat-A;1;0
2598;Cat-A;10;0
2599;Cat-A;9;0
2600;Cat-A;0;0
2601;Cat-A;9;0
2602;Cat-A;19;0
2603;Cat-A;0;0
2604;Cat-A;6;0
2605;Cat-A;6;0
2606;Cat-A;4;0
2607;Cat-A;15;0
2608;Cat-A;4;20
2609;Cat-A;6;6
2610;Cat-A;0;0
2611;Cat-A;4;0
2612;Cat-A;4;0
2613;Cat-A;28;15
2614;Cat-A;15;11
2615;Cat-A;9;7
2616;Cat-A;1;10
2617;Cat-A;10;12
2618;Cat-A;8;30
2619;Cat-A;8;5
2620;Cat-A;8;6
2621;Cat-A;28;30
2622;Cat-A;3;6
2623;Cat-A;5;5
2624;Cat-A;8;10
2625;Cat-A;0;3
2626;Cat-A;7;20
2627;Cat-A;5;5
2628;Cat-A;6;19
2629;Cat-A;6;3
2630;Cat-A;2;2
2631;Cat-A;2;10
2632;Cat-A;4;6
2633;Cat-A;5;8
2634;Cat-A;7;9
2635;Cat-A;3;4
2636;Cat-A;5;10
2637;Cat-A;9;5
2638;Cat-A;10;10
2639;Cat-A;12;66
2640;Cat-A;11;70
2641;Cat-A;5;3
2642;Cat-A;5;12
2643;Cat-A;0;5
2644;Cat-A;0;0
2645;Cat-A;0;0
2646;Cat-A;3;5
2647;Cat-A;20;40
2648;Cat-A;14;4
2649;Cat-A;5;5
2650;Cat-A;20;15
2651;Cat-A;4;10
2652;Cat-A;5;5
2653;Cat-A;5;5
2654;Cat-A;5;6
2655;Cat-A;0;0
2656;Cat-A;14;21
2657;Cat-A;4;3
2658;Cat-A;20;20
2659;Cat-A;12;12
2660;Cat-A;3;2
2661;Cat-A;15;25
2662;Cat-A;4;8
2663;Cat-A;15;8
2664;Cat-A;0;0
2665;Cat-A;6;5
2666;Cat-A;18;0
2667;Cat-A;25;31
2668;Cat-A;2;3
2669;Cat-A;0;0
2670;Cat-A;9;10
2671;Cat-A;0;0
2672;Cat-A;7;6
2673;Cat-A;0;0
2674;Cat-A;3;21
2675;Cat-A;3;0
2676;Cat-A;21;7
2677;Cat-A;0;10
2678;Cat-A;0;0
2679;Cat-A;4;0
2680;Cat-A;10;5
2681;Cat-A;3;0
2682;Cat-A;0;0
2683;Cat-A;0;33
2684;Cat-A;2;2
2685;Cat-A;13;15
2686;Cat-A;8;8
2687;Cat-O;2;2
2688;Cat-O;12;1
2689;Cat-O;10;5
2690;Cat-O;10;0
2691;Cat-O;0;0
2692;Cat-O;4;0
2693;Cat-O;0;0
2694;Cat-O;0;0
2695;Cat-O;8;0
2696;Cat-O;7;0
2697;Cat-O;7;0
2698;Cat-O;0;0
2699;Cat-O;0;0
2700;Cat-O;0;0
2701;Cat-O;0;0
2702;Cat-O;0;5
2703;Cat-O;0;0
2704;Cat-O;2;3
2705;Cat-O;10;0
2706;Cat-O;5;0
2707;Cat-O;0;0
2708;Cat-O;10;0
2709;Cat-O;0;0
2710;Cat-O;9;0
2711;Cat-O;13;0
2712;Cat-O;9;0
2713;Cat-O;10;0
2714;Cat-O;0;0
2715;Cat-O;0;0
2716;Cat-O;0;0
2717;Cat-O;25;2
2718;Cat-O;22;4
2719;Cat-O;40;0
2720;Cat-O;20;2
2721;Cat-O;0;0
2722;Cat-O;0;0
2723;Cat-O;0;0
2724;Cat-O;11;0
2725;Cat-O;7;2
2726;Cat-O;5;0
2727;Cat-O;10;0
2728;Cat-O;4;4
2729;Cat-O;0;0
2730;Cat-O;8;4
2731;Cat-O;0;0
2732;Cat-O;15;2
2733;Cat-O;0;0
2734;Cat-O;0;0
2735;Cat-O;6;2
2736;Cat-O;2;0
2737;Cat-O;5;0
2738;Cat-O;7;0
2739;Cat-O;3;0
2740;Cat-O;0;0
2741;Cat-O;5;0
2742;Cat-O;0;0
2743;Cat-O;4;0
2744;Cat-O;0;0
2745;Cat-O;4;5
2746;Cat-O;3;0
2747;Cat-O;6;0
2748;Cat-O;4;3
2749;Cat-O;5;0
2750;Cat-O;0;0
2751;Cat-O;1;0
2752;Cat-O;5;0
2753;Cat-O;4;0
2754;Cat-O;0;0
2755;Cat-O;0;0
2756;Cat-O;1;0
2757;Cat-O;0;0
2758;Cat-O;4;7
2759;Cat-O;0;0
2760;Cat-O;1;0
2761;Cat-O;2;0
2762;Cat-O;2;0
2763;Cat-O;3;0
2764;Cat-O;10;0
2765;Cat-O;4;0
2766;Cat-O;4;0
2767;Cat-O;1;0
2768;Cat-O;1;0
2769;Cat-O;0;0
2770;Cat-O;0;0
2771;Cat-O;0;0
2772;Cat-O;7;0
2773;Cat-O;4;0
2774;Cat-O;0;0
2775;Cat-O;0;0
2776;Cat-O;6;1
2777;Cat-O;10;1
2778;Cat-O;16;0
2779;Cat-O;20;2
2780;Cat-O;0;0
2781;Cat-O;0;0
2782;Cat-H;18;0
2783;Cat-H;0;0
2784;Cat-H;13;0
2785;Cat-H;5;0
2786;Cat-H;7;0
2787;Cat-H;6;5
2788;Cat-H;2;3
2789;Cat-H;0;0
2790;Cat-H;3;0
2791;Cat-H;0;0
2792;Cat-H;5;5
2793;Cat-H;9;10
2794;Cat-H;0;0
2795;Cat-H;15;16
2796;Cat-H;0;0
2797;Cat-H;7;0
2798;Cat-H;0;0
2799;Cat-H;55;0
2800;Cat-H;3;0
2801;Cat-H;6;0
2802;Cat-H;4;0
2803;Cat-H;16;0
2804;Cat-H;0;0
2805;Cat-H;11;0
2806;Cat-H;27;0
2807;Cat-H;20;0
2808;Cat-H;12;0
2809;Cat-H;9;0
2810;Cat-H;9;0
2811;Cat-H;12;0
2812;Cat-H;6;0
2813;Cat-H;6;0
2814;Cat-H;8;8
2815;Cat-H;0;0
2816;Cat-H;10;4
2817;Cat-H;0;0
2818;Cat-H;12;0
2819;Cat-H;10;0
2820;Cat-H;0;0
2821;Cat-H;1;0
2822;Cat-H;0;0
2823;Cat-H;3;0
2824;Cat-H;3;0
2825;Cat-H;10;0
2826;Cat-H;0;0
2827;Cat-H;0;0
2828;Cat-H;0;10
2829;Cat-H;0;0
2830;Cat-H;4;0
2831;Cat-H;0;0
2832;Cat-H;0;0
2833;Cat-H;0;8
2834;Cat-H;2;22
2835;Cat-H;2;4
2836;Cat-H;10;20
2837;Cat-H;9;2
2838;Cat-H;15;1
2839;Cat-H;7;5
2840;Cat-H;4;0
2841;Cat-H;23;26
2842;Cat-H;15;107
2843;Cat-H;34;54
2844;Cat-H;15;4
2845;Cat-H;29;34
2846;Cat-H;10;5
2847;Cat-H;0;0
2848;Cat-H;25;47
2849;Cat-H;6;5
2850;Cat-H;0;0
2851;Cat-H;0;1
2852;Cat-H;1;1
2853;Cat-H;12;5
2854;Cat-H;3;1
2855;Cat-H;5;6
2856;Cat-H;2;1
2857;Cat-H;15;18
2858;Cat-H;10;5
2859;Cat-H;12;15
2860;Cat-H;10;0
2861;Cat-H;24;12
2862;Cat-H;3;1
2863;Cat-H;34;22
2864;Cat-H;15;10
2865;Cat-H;89;75
2866;Cat-H;0;0
2867;Cat-H;2;0
2868;Cat-H;4;0
2869;Cat-H;0;0
2870;Cat-H;4;0
2871;Cat-H;10;0
2872;Cat-H;3;0
2873;Cat-H;12;0
2874;Cat-H;10;0
2875;Cat-H;4;0
2876;Cat-H;17;0
2877;Cat-H;0;0
2878;Cat-H;0;0
2879;Cat-H;8;0
2880;Cat-H;6;0
2881;Cat-H;6;0
2882;Cat-H;12;0
2883;Cat-H;10;0
2884;Cat-H;42;0
2885;Cat-H;6;0
2886;Cat-H;0;0
2887;Cat-H;0;0
2888;Cat-H;0;0
2889;Cat-H;12;0
2890;Cat-H;0;0
2891;Cat-H;6;0
2892;Cat-H;25;0
2893;Cat-H;0;0
2894;Cat-H;7;0
2895;Cat-H;0;0
2896;Cat-H;1;0
2897;Cat-H;2;0
2898;Cat-H;12;0
2899;Cat-H;7;0
2900;Cat-H;0;0
2901;Cat-H;0;0
2902;Cat-H;0;0
2903;Cat-H;0;0
2904;Cat-H;8;0
2905;Cat-H;6;0
2906;Cat-H;14;0
2907;Cat-H;6;0
2908;Cat-H;8;0
2909;Cat-H;3;0
2910;Cat-H;21;0
2911;Cat-H;0;0
2912;Cat-H;0;0
2913;Cat-H;20;5
2914;Cat-H;5;1
2915;Cat-H;10;1
2916;Cat-H;0;3
2917;Cat-H;0;1
2918;Cat-H;0;0
2919;Cat-H;8;0
2920;Cat-H;0;0
2921;Cat-H;3;0
2922;Cat-H;5;0
2923;Cat-H;0;0
2924;Cat-H;4;0
2925;Cat-H;7;0
2926;Cat-H;0;0
2927;Cat-H;15;7
2928;Cat-H;0;0
2929;Cat-H;5;0
2930;Cat-H;0;0
2931;Cat-H;6;0
2932;Cat-H;18;0
2933;Cat-H;0;0
2934;Cat-O;4;0
2935;Cat-O;2;6
2936;Cat-O;2;2
2937;Cat-O;0;0
2938;Cat-O;0;0
2939;Cat-O;8;7
2940;Cat-O;8;6
2941;Cat-O;4;0
2942;Cat-O;4;0
2943;Cat-O;3;10
2944;Cat-O;21;0
2945;Cat-O;6;0
2946;Cat-O;3;0
2947;Cat-O;0;0
2948;Cat-O;0;0
2949;Cat-O;7;0
2950;Cat-O;3;0
2951;Cat-O;0;0
2952;Cat-O;0;0
2953;Cat-O;10;0
2954;Cat-O;5;0
2955;Cat-O;8;0
2956;Cat-O;0;0
2957;Cat-O;4;0
2958;Cat-O;0;0
2959;Cat-O;0;0
2960;Cat-O;10;0
2961;Cat-O;0;0
2962;Cat-O;0;0
2963;Cat-O;20;15
